"","x"
"1","abbey"
"2","abode"
"3","abscess"
"4","absence"
"5","abstract"
"6","abyss"
"7","accent"
"8","access"
"9","acclaim"
"10","account"
"11","ace"
"12","ache"
"13","acid"
"14","acne"
"15","act"
"16","active"
"17","actor"
"18","ad"
"19","adage"
"20","adder"
"21","addict"
"22","address"
"23","adept"
"24","ado"
"25","adult"
"26","advance"
"27","advice"
"28","aerial"
"29","affair"
"30","affront"
"31","aid"
"32","aide"
"33","ailment"
"34","air"
"35","airfield"
"36","airline"
"37","airplane"
"38","airport"
"39","airship"
"40","airspeed"
"41","airstrip"
"42","airway"
"43","aisle"
"44","alarm"
"45","album"
"46","alcove"
"47","alert"
"48","alias"
"49","alien"
"50","alley"
"51","allure"
"52","ally"
"53","almond"
"54","alpha"
"55","altar"
"56","amber"
"57","ambience"
"58","ambush"
"59","amends"
"60","amp"
"61","anchor"
"62","ancient"
"63","angel"
"64","anger"
"65","angle"
"66","angst"
"67","ankle"
"68","anklet"
"69","annals"
"70","annual"
"71","answer"
"72","ant"
"73","anthem"
"74","anthill"
"75","anthrax"
"76","antics"
"77","antique"
"78","antiques"
"79","anus"
"80","anvil"
"81","Apache"
"82","ape"
"83","apex"
"84","appeal"
"85","applause"
"86","apple"
"87","approach"
"88","apron"
"89","arcade"
"90","arch"
"91","archduke"
"92","Arctic"
"93","ark"
"94","arm"
"95","armchair"
"96","army"
"97","array"
"98","arrest"
"99","arrow"
"100","arsenic"
"101","arson"
"102","art"
"103","artist"
"104","artiste"
"105","ashtray"
"106","aspect"
"107","asphalt"
"108","aspirin"
"109","ass"
"110","assault"
"111","asset"
"112","asthma"
"113","athlete"
"114","atlas"
"115","atoll"
"116","atom"
"117","attack"
"118","attempt"
"119","Attic"
"120","auction"
"121","audience"
"122","audit"
"123","aunt"
"124","auntie"
"125","aura"
"126","author"
"127","auto"
"128","award"
"129","awe"
"130","awning"
"131","axe"
"132","axle"
"133","babble"
"134","babe"
"135","baboon"
"136","baby"
"137","back"
"138","backbone"
"139","backdoor"
"140","backdrop"
"141","backer"
"142","background"
"143","backhand"
"144","backroom"
"145","backseat"
"146","backside"
"147","backup"
"148","backyard"
"149","bad"
"150","badge"
"151","badness"
"152","bag"
"153","baggage"
"154","bail"
"155","bailiff"
"156","balance"
"157","bale"
"158","ball"
"159","ballad"
"160","ballast"
"161","ballet"
"162","balloon"
"163","ballot"
"164","ballpoint"
"165","balm"
"166","bamboo"
"167","ban"
"168","band"
"169","bandage"
"170","bandit"
"171","bandstand"
"172","bang"
"173","banger"
"174","banjo"
"175","bank"
"176","banker"
"177","banking"
"178","bankroll"
"179","bankrupt"
"180","banquet"
"181","banshee"
"182","banter"
"183","bar"
"184","bard"
"185","bargain"
"186","barge"
"187","barium"
"188","bark"
"189","barley"
"190","barmaid"
"191","barman"
"192","barnyard"
"193","barrage"
"194","barrel"
"195","barrier"
"196","barter"
"197","base"
"198","baseline"
"199","basement"
"200","bash"
"201","basics"
"202","basis"
"203","basket"
"204","bastard"
"205","bat"
"206","batch"
"207","bath"
"208","bathe"
"209","bathing"
"210","bathrobe"
"211","bathtub"
"212","baton"
"213","batter"
"214","battle"
"215","bauble"
"216","bay"
"217","bayou"
"218","bazaar"
"219","beacon"
"220","bead"
"221","beak"
"222","beaker"
"223","beam"
"224","bear"
"225","beard"
"226","bearer"
"227","bearings"
"228","bearskin"
"229","beast"
"230","beat"
"231","beatnik"
"232","beauty"
"233","beaver"
"234","bebop"
"235","bed"
"236","bedding"
"237","bedroom"
"238","bedside"
"239","bedspread"
"240","bedtime"
"241","beef"
"242","beefsteak"
"243","beehive"
"244","beep"
"245","beer"
"246","beeswax"
"247","beetle"
"248","beggar"
"249","beige"
"250","belay"
"251","belch"
"252","belief"
"253","bell"
"254","bellboy"
"255","bellhop"
"256","bellow"
"257","belly"
"258","beloved"
"259","belt"
"260","bench"
"261","bend"
"262","bereaved"
"263","beret"
"264","berth"
"265","bet"
"266","beta"
"267","bias"
"268","Bible"
"269","biceps"
"270","bid"
"271","bidder"
"272","bigot"
"273","bike"
"274","bile"
"275","bilge"
"276","bill"
"277","billboard"
"278","billiard"
"279","billion"
"280","bin"
"281","bind"
"282","binder"
"283","binding"
"284","binge"
"285","bingo"
"286","birch"
"287","bird"
"288","birdie"
"289","birth"
"290","birthday"
"291","birthmark"
"292","birthplace"
"293","birthright"
"294","biscuit"
"295","bishop"
"296","bisque"
"297","bistro"
"298","bitch"
"299","bite"
"300","bitter"
"301","biz"
"302","blackbird"
"303","blackboard"
"304","blackjack"
"305","blacklist"
"306","blackmail"
"307","blackness"
"308","blacksmith"
"309","bladder"
"310","blade"
"311","blame"
"312","blank"
"313","blanket"
"314","blare"
"315","blast"
"316","blazer"
"317","bleach"
"318","bleeder"
"319","bleep"
"320","blemish"
"321","blend"
"322","blessing"
"323","blight"
"324","blimp"
"325","blind"
"326","blindfold"
"327","blindness"
"328","blink"
"329","blip"
"330","bliss"
"331","blister"
"332","blitz"
"333","blizzard"
"334","blob"
"335","block"
"336","blockade"
"337","blockage"
"338","blockhead"
"339","bloke"
"340","blond"
"341","blonde"
"342","blood"
"343","bloodbath"
"344","bloodhound"
"345","bloodshed"
"346","bloodstream"
"347","bloom"
"348","bloomers"
"349","blossom"
"350","blotter"
"351","blouse"
"352","blow"
"353","blue"
"354","bluebird"
"355","bluejay"
"356","blueprint"
"357","blues"
"358","bluff"
"359","blunder"
"360","blur"
"361","blush"
"362","boa"
"363","boar"
"364","boarder"
"365","boarding"
"366","boardroom"
"367","boardwalk"
"368","boast"
"369","boat"
"370","boathouse"
"371","boatman"
"372","bobcat"
"373","bobsled"
"374","body"
"375","bog"
"376","boil"
"377","boiler"
"378","bollocks"
"379","bolt"
"380","bomb"
"381","bomber"
"382","bombshell"
"383","bondage"
"384","bone"
"385","bonnet"
"386","bonsai"
"387","bonus"
"388","boob"
"389","booby"
"390","boogie"
"391","book"
"392","bookcase"
"393","bookie"
"394","booklet"
"395","bookshop"
"396","bookworm"
"397","boom"
"398","boon"
"399","boost"
"400","booster"
"401","boot"
"402","boots"
"403","booty"
"404","booze"
"405","bop"
"406","boredom"
"407","borough"
"408","bosom"
"409","boss"
"410","bother"
"411","bounce"
"412","bouncer"
"413","bound"
"414","bounty"
"415","bouquet"
"416","bout"
"417","boutique"
"418","bow"
"419","bowel"
"420","bowels"
"421","bowl"
"422","bowler"
"423","bowling"
"424","boxer"
"425","boy"
"426","boycott"
"427","boyfriend"
"428","boyhood"
"429","bra"
"430","brace"
"431","bracket"
"432","brag"
"433","braid"
"434","brain"
"435","brake"
"436","bran"
"437","branch"
"438","brand"
"439","brassiere"
"440","brawl"
"441","brawn"
"442","bread"
"443","break"
"444","breakdown"
"445","breaker"
"446","breakfast"
"447","breakthrough"
"448","breakup"
"449","breast"
"450","breath"
"451","breather"
"452","breech"
"453","breeder"
"454","breeding"
"455","breeze"
"456","brethren"
"457","brew"
"458","brewery"
"459","briar"
"460","bribe"
"461","bride"
"462","bridegroom"
"463","bridesmaid"
"464","bridge"
"465","briefcase"
"466","briefing"
"467","brig"
"468","bright"
"469","brightness"
"470","brilliant"
"471","brim"
"472","brimstone"
"473","brisket"
"474","broad"
"475","broadcast"
"476","broadside"
"477","broadsword"
"478","brochure"
"479","broker"
"480","bronco"
"481","bronze"
"482","brooch"
"483","brood"
"484","brook"
"485","broomstick"
"486","broth"
"487","brothel"
"488","brother"
"489","brow"
"490","brown"
"491","browse"
"492","bruise"
"493","brunch"
"494","brunette"
"495","brunt"
"496","brush"
"497","bubble"
"498","bubbly"
"499","buck"
"500","buckle"
"501","buckshot"
"502","buckwheat"
"503","buddy"
"504","budget"
"505","buffer"
"506","buffoon"
"507","bugger"
"508","buggy"
"509","bugler"
"510","builder"
"511","building"
"512","buildup"
"513","bulb"
"514","bulge"
"515","bulk"
"516","bulkhead"
"517","bull"
"518","bulldog"
"519","bullet"
"520","bullion"
"521","bullshit"
"522","bully"
"523","bummer"
"524","bump"
"525","bun"
"526","bunk"
"527","bunker"
"528","bunkhouse"
"529","buoy"
"530","burden"
"531","bureau"
"532","burial"
"533","burlesque"
"534","burn"
"535","burner"
"536","burp"
"537","burr"
"538","burro"
"539","burrow"
"540","burst"
"541","bushel"
"542","business"
"543","bust"
"544","buster"
"545","bustle"
"546","butcher"
"547","butler"
"548","butt"
"549","butter"
"550","buttocks"
"551","button"
"552","buy"
"553","buyer"
"554","buzzard"
"555","buzzer"
"556","bypass"
"557","cab"
"558","cabbage"
"559","cabin"
"560","cable"
"561","cache"
"562","caddie"
"563","cadet"
"564","caffeine"
"565","cage"
"566","cahoots"
"567","cake"
"568","calcium"
"569","calf"
"570","call"
"571","caller"
"572","calm"
"573","camel"
"574","camp"
"575","campaign"
"576","camper"
"577","camping"
"578","campsite"
"579","campus"
"580","canal"
"581","cancer"
"582","candle"
"583","candy"
"584","cane"
"585","canine"
"586","canoe"
"587","canon"
"588","canteen"
"589","canvas"
"590","canvass"
"591","canyon"
"592","cap"
"593","caper"
"594","captive"
"595","capture"
"596","carbon"
"597","carcass"
"598","card"
"599","cardboard"
"600","care"
"601","career"
"602","caress"
"603","cargo"
"604","carnage"
"605","carpal"
"606","carpet"
"607","carriage"
"608","carrier"
"609","carrot"
"610","carry"
"611","cart"
"612","cartel"
"613","carton"
"614","cartridge"
"615","cascade"
"616","case"
"617","cash"
"618","cashier"
"619","casing"
"620","casket"
"621","cassette"
"622","cast"
"623","caste"
"624","castle"
"625","casual"
"626","catch"
"627","catchphrase"
"628","catfish"
"629","cattle"
"630","cauldron"
"631","cause"
"632","caution"
"633","cave"
"634","caveman"
"635","cease"
"636","cedar"
"637","ceiling"
"638","cell"
"639","cellar"
"640","cellist"
"641","cello"
"642","cement"
"643","censor"
"644","cent"
"645","central"
"646","cervix"
"647","cesspool"
"648","chain"
"649","chalet"
"650","chalice"
"651","chalk"
"652","challenge"
"653","champ"
"654","champion"
"655","change"
"656","channel"
"657","chant"
"658","chaos"
"659","chap"
"660","chapel"
"661","chaplain"
"662","chapter"
"663","charade"
"664","charcoal"
"665","charge"
"666","charger"
"667","chariot"
"668","charm"
"669","chart"
"670","charter"
"671","chase"
"672","chaser"
"673","chassis"
"674","chat"
"675","chatter"
"676","chauffeur"
"677","cheap"
"678","cheapskate"
"679","cheat"
"680","check"
"681","checker"
"682","checkers"
"683","checklist"
"684","checkout"
"685","checkpoint"
"686","checkup"
"687","cheek"
"688","cheer"
"689","cheese"
"690","cheesecake"
"691","cheetah"
"692","chef"
"693","chemist"
"694","cherry"
"695","cherub"
"696","chess"
"697","chest"
"698","chestnut"
"699","chew"
"700","chic"
"701","chick"
"702","chicken"
"703","chief"
"704","chiffon"
"705","child"
"706","childbirth"
"707","children"
"708","chill"
"709","chime"
"710","chimney"
"711","chimp"
"712","chip"
"713","chipmunk"
"714","chipper"
"715","chirp"
"716","chisel"
"717","chitchat"
"718","chlorine"
"719","choice"
"720","choir"
"721","choke"
"722","chopper"
"723","choppers"
"724","chord"
"725","chore"
"726","chorus"
"727","chowder"
"728","christening"
"729","Christmas"
"730","chrome"
"731","chromium"
"732","chuck"
"733","chuckle"
"734","chug"
"735","chum"
"736","chump"
"737","chunk"
"738","church"
"739","churn"
"740","chute"
"741","cigar"
"742","cinch"
"743","cinder"
"744","cipher"
"745","circuit"
"746","circus"
"747","cirque"
"748","citrus"
"749","city"
"750","civics"
"751","claim"
"752","clam"
"753","clamp"
"754","clang"
"755","clap"
"756","clapper"
"757","clash"
"758","clasp"
"759","class"
"760","classic"
"761","classmate"
"762","classroom"
"763","clatter"
"764","claw"
"765","clay"
"766","clean"
"767","cleanser"
"768","cleanup"
"769","clear"
"770","cleat"
"771","cleavage"
"772","cleaver"
"773","clergy"
"774","cleric"
"775","clerk"
"776","click"
"777","client"
"778","cliff"
"779","climate"
"780","clinic"
"781","clink"
"782","clip"
"783","clipboard"
"784","clipper"
"785","clipping"
"786","clique"
"787","cloak"
"788","clobber"
"789","clockwork"
"790","clog"
"791","clone"
"792","close"
"793","closeness"
"794","closet"
"795","closure"
"796","clot"
"797","cloth"
"798","clothes"
"799","clothesline"
"800","clothing"
"801","cloud"
"802","clout"
"803","clove"
"804","clover"
"805","clown"
"806","club"
"807","clubhouse"
"808","clump"
"809","clunk"
"810","cluster"
"811","clutter"
"812","coach"
"813","coal"
"814","coast"
"815","coaster"
"816","coastline"
"817","coat"
"818","coating"
"819","cobalt"
"820","cobbler"
"821","cobra"
"822","cocaine"
"823","cock"
"824","cockpit"
"825","cockroach"
"826","cocoon"
"827","cod"
"828","code"
"829","codeine"
"830","coed"
"831","coffee"
"832","coffin"
"833","cog"
"834","cognac"
"835","coil"
"836","Coke"
"837","cola"
"838","cold"
"839","coleslaw"
"840","colic"
"841","collage"
"842","collapse"
"843","collar"
"844","collect"
"845","collie"
"846","colon"
"847","colonel"
"848","column"
"849","coma"
"850","comb"
"851","combat"
"852","combine"
"853","combo"
"854","come"
"855","comeback"
"856","comet"
"857","comfort"
"858","comic"
"859","command"
"860","comment"
"861","commerce"
"862","commie"
"863","common"
"864","compact"
"865","compare"
"866","compass"
"867","complaint"
"868","complex"
"869","compost"
"870","compress"
"871","comrade"
"872","concept"
"873","concert"
"874","concourse"
"875","concrete"
"876","condom"
"877","condor"
"878","conduct"
"879","cone"
"880","conflict"
"881","conga"
"882","congress"
"883","conk"
"884","conquest"
"885","conscience"
"886","consent"
"887","conserve"
"888","console"
"889","consort"
"890","constant"
"891","construct"
"892","consul"
"893","contact"
"894","contempt"
"895","content"
"896","contents"
"897","contest"
"898","context"
"899","contract"
"900","contrast"
"901","control"
"902","convent"
"903","converse"
"904","convert"
"905","convict"
"906","convoy"
"907","coo"
"908","cook"
"909","cookbook"
"910","cooker"
"911","cookie"
"912","cooking"
"913","cool"
"914","coolant"
"915","cooler"
"916","coon"
"917","cop"
"918","cope"
"919","copier"
"920","copper"
"921","copy"
"922","coral"
"923","cord"
"924","cordon"
"925","core"
"926","cork"
"927","corkscrew"
"928","corn"
"929","corner"
"930","corps"
"931","corpse"
"932","corral"
"933","corsage"
"934","corset"
"935","cortex"
"936","cosmos"
"937","cost"
"938","costume"
"939","cot"
"940","cottage"
"941","cotton"
"942","couch"
"943","cough"
"944","council"
"945","counsel"
"946","count"
"947","countdown"
"948","counter"
"949","countess"
"950","county"
"951","coup"
"952","couple"
"953","coupling"
"954","coupon"
"955","courage"
"956","courier"
"957","courthouse"
"958","courtroom"
"959","courtship"
"960","courtyard"
"961","cousin"
"962","cove"
"963","coven"
"964","cover"
"965","covert"
"966","cow"
"967","coward"
"968","cowboy"
"969","cowgirl"
"970","crab"
"971","crack"
"972","crackpot"
"973","craft"
"974","craftsman"
"975","cramp"
"976","cranium"
"977","crash"
"978","crate"
"979","crater"
"980","crawl"
"981","crayon"
"982","craze"
"983","creak"
"984","creamer"
"985","crease"
"986","credence"
"987","credit"
"988","creed"
"989","creek"
"990","creep"
"991","creeper"
"992","crepe"
"993","crescent"
"994","crest"
"995","cretin"
"996","crevice"
"997","crew"
"998","crib"
"999","cricket"
"1000","crime"
"1001","crimson"
"1002","cripple"
"1003","crisis"
"1004","crisp"
"1005","critic"
"1006","critique"
"1007","critter"
"1008","croak"
"1009","croissant"
"1010","crook"
"1011","croquet"
"1012","cross"
"1013","crossbow"
"1014","crossword"
"1015","crotch"
"1016","crouch"
"1017","crowbar"
"1018","crowd"
"1019","crown"
"1020","crude"
"1021","cruelty"
"1022","cruise"
"1023","cruiser"
"1024","crumb"
"1025","crumble"
"1026","crunch"
"1027","crusade"
"1028","crust"
"1029","crutch"
"1030","cry"
"1031","crypt"
"1032","crystal"
"1033","cub"
"1034","cube"
"1035","cuckold"
"1036","cuckoo"
"1037","cuddle"
"1038","cue"
"1039","cuff"
"1040","cuisine"
"1041","culprit"
"1042","cult"
"1043","culture"
"1044","cunt"
"1045","cup"
"1046","cupboard"
"1047","curb"
"1048","curd"
"1049","cure"
"1050","curl"
"1051","curling"
"1052","current"
"1053","curry"
"1054","curtain"
"1055","curtsy"
"1056","cushion"
"1057","cuss"
"1058","custard"
"1059","custom"
"1060","cut"
"1061","cutlass"
"1062","cutter"
"1063","cycle"
"1064","cyclone"
"1065","cynic"
"1066","cyst"
"1067","czar"
"1068","dab"
"1069","dad"
"1070","daddy"
"1071","dagger"
"1072","daily"
"1073","dainty"
"1074","dairy"
"1075","daisy"
"1076","dam"
"1077","damage"
"1078","dame"
"1079","damn"
"1080","damp"
"1081","damper"
"1082","damsel"
"1083","dance"
"1084","dandruff"
"1085","dandy"
"1086","danger"
"1087","dare"
"1088","daring"
"1089","dark"
"1090","darkness"
"1091","darling"
"1092","darn"
"1093","dash"
"1094","dashboard"
"1095","date"
"1096","day"
"1097","daybreak"
"1098","daydream"
"1099","daylight"
"1100","dazzle"
"1101","deacon"
"1102","dead"
"1103","deadline"
"1104","deaf"
"1105","deal"
"1106","dealer"
"1107","death"
"1108","deathbed"
"1109","debate"
"1110","debris"
"1111","debt"
"1112","debut"
"1113","decade"
"1114","decay"
"1115","deck"
"1116","decline"
"1117","decree"
"1118","deed"
"1119","deep"
"1120","deer"
"1121","default"
"1122","defect"
"1123","degree"
"1124","delight"
"1125","delta"
"1126","deluge"
"1127","demand"
"1128","demise"
"1129","demo"
"1130","demon"
"1131","den"
"1132","dent"
"1133","dental"
"1134","depot"
"1135","depth"
"1136","descent"
"1137","desert"
"1138","design"
"1139","despair"
"1140","dessert"
"1141","detail"
"1142","detour"
"1143","deuce"
"1144","deviant"
"1145","device"
"1146","devil"
"1147","devout"
"1148","dial"
"1149","dice"
"1150","dictate"
"1151","diction"
"1152","die"
"1153","diesel"
"1154","difference"
"1155","dig"
"1156","digest"
"1157","digit"
"1158","dike"
"1159","dildo"
"1160","dime"
"1161","dimwit"
"1162","diner"
"1163","dinghy"
"1164","dingo"
"1165","dinner"
"1166","dipper"
"1167","dipstick"
"1168","dirt"
"1169","disc"
"1170","discard"
"1171","discharge"
"1172","disco"
"1173","discount"
"1174","disdain"
"1175","disease"
"1176","disgrace"
"1177","disguise"
"1178","disgust"
"1179","dish"
"1180","dislike"
"1181","dismay"
"1182","dispatch"
"1183","display"
"1184","dissent"
"1185","distance"
"1186","distress"
"1187","distrust"
"1188","ditch"
"1189","ditto"
"1190","ditty"
"1191","dive"
"1192","divide"
"1193","divorce"
"1194","divvy"
"1195","do"
"1196","doc"
"1197","dock"
"1198","doctor"
"1199","doctrine"
"1200","dodo"
"1201","doer"
"1202","doggy"
"1203","doghouse"
"1204","dole"
"1205","doll"
"1206","dollar"
"1207","dolphin"
"1208","domain"
"1209","dome"
"1210","donkey"
"1211","donor"
"1212","doom"
"1213","Doomsday"
"1214","door"
"1215","doorbell"
"1216","doorknob"
"1217","doorman"
"1218","doormat"
"1219","doornail"
"1220","doorstep"
"1221","doorway"
"1222","dope"
"1223","dorm"
"1224","dosage"
"1225","dot"
"1226","doubt"
"1227","douche"
"1228","dough"
"1229","doughnut"
"1230","downer"
"1231","downfall"
"1232","doze"
"1233","dozen"
"1234","draft"
"1235","drag"
"1236","dragon"
"1237","drain"
"1238","drainage"
"1239","drainpipe"
"1240","drake"
"1241","drape"
"1242","drawback"
"1243","drawbridge"
"1244","drawer"
"1245","dread"
"1246","dream"
"1247","dreamboat"
"1248","dreamland"
"1249","dredge"
"1250","dribble"
"1251","drift"
"1252","driftwood"
"1253","drinker"
"1254","drip"
"1255","drive"
"1256","drivel"
"1257","driver"
"1258","drizzle"
"1259","drone"
"1260","drop"
"1261","dropout"
"1262","drought"
"1263","druggist"
"1264","drugstore"
"1265","drum"
"1266","drummer"
"1267","drunk"
"1268","dryer"
"1269","duchess"
"1270","ducky"
"1271","duct"
"1272","dud"
"1273","dude"
"1274","due"
"1275","duel"
"1276","duet"
"1277","duffel"
"1278","dugout"
"1279","dullard"
"1280","dumb"
"1281","dumbbell"
"1282","dummy"
"1283","dump"
"1284","dumpling"
"1285","dunce"
"1286","dune"
"1287","dungeon"
"1288","duo"
"1289","dupe"
"1290","duress"
"1291","dusk"
"1292","dust"
"1293","duster"
"1294","dustpan"
"1295","duty"
"1296","dwelling"
"1297","dye"
"1298","eagle"
"1299","ear"
"1300","earful"
"1301","earl"
"1302","earnest"
"1303","earnings"
"1304","earpiece"
"1305","earring"
"1306","earth"
"1307","ease"
"1308","east"
"1309","eater"
"1310","echo"
"1311","eclipse"
"1312","edge"
"1313","eel"
"1314","effect"
"1315","effort"
"1316","egg"
"1317","egghead"
"1318","eggplant"
"1319","eggshell"
"1320","ego"
"1321","eight"
"1322","eighty"
"1323","elder"
"1324","elf"
"1325","elk"
"1326","elm"
"1327","emblem"
"1328","embrace"
"1329","employ"
"1330","empress"
"1331","empty"
"1332","encore"
"1333","end"
"1334","ending"
"1335","engine"
"1336","ennui"
"1337","entail"
"1338","entrails"
"1339","entrance"
"1340","entry"
"1341","envoy"
"1342","envy"
"1343","enzyme"
"1344","epic"
"1345","equal"
"1346","era"
"1347","errand"
"1348","error"
"1349","escape"
"1350","escort"
"1351","essay"
"1352","essence"
"1353","estate"
"1354","esteem"
"1355","ether"
"1356","ethic"
"1357","evens"
"1358","event"
"1359","evil"
"1360","excess"
"1361","exchange"
"1362","excuse"
"1363","exhaust"
"1364","exile"
"1365","exit"
"1366","expense"
"1367","expert"
"1368","exploit"
"1369","expo"
"1370","export"
"1371","extent"
"1372","extra"
"1373","extract"
"1374","extreme"
"1375","eye"
"1376","eyeball"
"1377","eyebrow"
"1378","eyeful"
"1379","eyelash"
"1380","eyes"
"1381","eyesight"
"1382","fable"
"1383","facial"
"1384","fact"
"1385","faction"
"1386","factor"
"1387","fad"
"1388","fag"
"1389","faggot"
"1390","fail"
"1391","faint"
"1392","fair"
"1393","fairness"
"1394","fairway"
"1395","fairy"
"1396","faith"
"1397","faithful"
"1398","fake"
"1399","falcon"
"1400","fall"
"1401","fallout"
"1402","fallow"
"1403","fame"
"1404","famine"
"1405","fan"
"1406","fancy"
"1407","fanfare"
"1408","fang"
"1409","farce"
"1410","farewell"
"1411","farm"
"1412","farmer"
"1413","farmhouse"
"1414","farming"
"1415","farmland"
"1416","fascist"
"1417","fat"
"1418","fathead"
"1419","father"
"1420","fathom"
"1421","fatigue"
"1422","fatty"
"1423","faucet"
"1424","fault"
"1425","faun"
"1426","fauna"
"1427","fawn"
"1428","fear"
"1429","feast"
"1430","feat"
"1431","feature"
"1432","fee"
"1433","feed"
"1434","feedback"
"1435","feel"
"1436","feeling"
"1437","feline"
"1438","fellow"
"1439","felon"
"1440","female"
"1441","femur"
"1442","fence"
"1443","fencing"
"1444","fender"
"1445","fennel"
"1446","ferret"
"1447","ferry"
"1448","fetish"
"1449","feud"
"1450","fever"
"1451","fiction"
"1452","fiddle"
"1453","fielder"
"1454","fiend"
"1455","fifteen"
"1456","fifty"
"1457","fig"
"1458","fight"
"1459","fighter"
"1460","figment"
"1461","file"
"1462","fillet"
"1463","filly"
"1464","film"
"1465","filter"
"1466","filth"
"1467","fin"
"1468","finch"
"1469","find"
"1470","finder"
"1471","fine"
"1472","finesse"
"1473","finger"
"1474","finish"
"1475","fir"
"1476","fire"
"1477","fireman"
"1478","fireworks"
"1479","firm"
"1480","firstborn"
"1481","fiscal"
"1482","fishing"
"1483","fist"
"1484","fit"
"1485","fitness"
"1486","five"
"1487","fiver"
"1488","fix"
"1489","fizz"
"1490","flag"
"1491","flagship"
"1492","flagstaff"
"1493","flair"
"1494","flak"
"1495","flake"
"1496","flame"
"1497","flan"
"1498","flank"
"1499","flannel"
"1500","flap"
"1501","flares"
"1502","flash"
"1503","flashback"
"1504","flat"
"1505","flatfoot"
"1506","flaw"
"1507","flea"
"1508","fleabag"
"1509","fleece"
"1510","fleet"
"1511","flesh"
"1512","flick"
"1513","flier"
"1514","flight"
"1515","flimsy"
"1516","fling"
"1517","flip"
"1518","flipper"
"1519","flirt"
"1520","floater"
"1521","flock"
"1522","flood"
"1523","floor"
"1524","flooring"
"1525","floozy"
"1526","flop"
"1527","florist"
"1528","floss"
"1529","flounder"
"1530","flour"
"1531","flourish"
"1532","flow"
"1533","flower"
"1534","flu"
"1535","flue"
"1536","fluff"
"1537","fluid"
"1538","fluke"
"1539","flush"
"1540","flute"
"1541","flux"
"1542","foam"
"1543","focus"
"1544","foe"
"1545","fog"
"1546","fold"
"1547","folk"
"1548","folklore"
"1549","folly"
"1550","fondness"
"1551","fondue"
"1552","font"
"1553","food"
"1554","fool"
"1555","foot"
"1556","footage"
"1557","football"
"1558","foothold"
"1559","footing"
"1560","footprint"
"1561","footwork"
"1562","force"
"1563","forceps"
"1564","forces"
"1565","ford"
"1566","fore"
"1567","forecast"
"1568","forefront"
"1569","forehead"
"1570","foreman"
"1571","foreplay"
"1572","foresight"
"1573","forfeit"
"1574","forge"
"1575","forger"
"1576","fork"
"1577","forklift"
"1578","forte"
"1579","fortnight"
"1580","fortress"
"1581","fortune"
"1582","forty"
"1583","forum"
"1584","fossil"
"1585","foul"
"1586","founder"
"1587","foundry"
"1588","fountain"
"1589","four"
"1590","foursome"
"1591","fowl"
"1592","foxhole"
"1593","foxtrot"
"1594","foyer"
"1595","fragment"
"1596","fragrance"
"1597","frame"
"1598","framework"
"1599","franc"
"1600","franchise"
"1601","fraud"
"1602","freckle"
"1603","freebie"
"1604","freedom"
"1605","freelance"
"1606","freeman"
"1607","freestyle"
"1608","freeway"
"1609","freezer"
"1610","freezing"
"1611","freight"
"1612","freighter"
"1613","frenzy"
"1614","freshness"
"1615","friar"
"1616","friction"
"1617","fridge"
"1618","friend"
"1619","friendly"
"1620","friendship"
"1621","fright"
"1622","fringe"
"1623","Frisbee"
"1624","frisk"
"1625","frock"
"1626","frog"
"1627","frolic"
"1628","frontier"
"1629","frostbite"
"1630","frosting"
"1631","frown"
"1632","fruit"
"1633","fruitcake"
"1634","fryer"
"1635","fuchsia"
"1636","fuck"
"1637","fucker"
"1638","fuel"
"1639","full"
"1640","fullback"
"1641","fullness"
"1642","fun"
"1643","function"
"1644","fund"
"1645","fungus"
"1646","funk"
"1647","fur"
"1648","furlong"
"1649","furlough"
"1650","furnace"
"1651","fury"
"1652","fusion"
"1653","fuss"
"1654","future"
"1655","fuzz"
"1656","gab"
"1657","gad"
"1658","gag"
"1659","gaggle"
"1660","gain"
"1661","gal"
"1662","gala"
"1663","gall"
"1664","gallant"
"1665","galley"
"1666","gallon"
"1667","gallop"
"1668","gallows"
"1669","gamble"
"1670","gambler"
"1671","gambling"
"1672","game"
"1673","gamma"
"1674","gander"
"1675","gang"
"1676","gangrene"
"1677","gangster"
"1678","gangway"
"1679","gap"
"1680","garage"
"1681","garbage"
"1682","garden"
"1683","gardener"
"1684","gardening"
"1685","gargle"
"1686","garlic"
"1687","garnish"
"1688","garter"
"1689","gas"
"1690","gash"
"1691","gasket"
"1692","gasp"
"1693","gate"
"1694","gateway"
"1695","gather"
"1696","gaudy"
"1697","gauntlet"
"1698","gauze"
"1699","gay"
"1700","gaze"
"1701","gazelle"
"1702","gazette"
"1703","gear"
"1704","geezer"
"1705","gel"
"1706","gelding"
"1707","gem"
"1708","genie"
"1709","genre"
"1710","gent"
"1711","gentile"
"1712","gentry"
"1713","germ"
"1714","gesture"
"1715","getup"
"1716","ghetto"
"1717","ghoul"
"1718","giant"
"1719","gift"
"1720","gig"
"1721","giggle"
"1722","gimmick"
"1723","gin"
"1724","ginger"
"1725","ginseng"
"1726","giraffe"
"1727","girder"
"1728","girdle"
"1729","girl"
"1730","girlfriend"
"1731","girth"
"1732","gist"
"1733","give"
"1734","giver"
"1735","gizzard"
"1736","glacier"
"1737","glade"
"1738","glamour"
"1739","gland"
"1740","glare"
"1741","glass"
"1742","glaze"
"1743","gleam"
"1744","glee"
"1745","glide"
"1746","glider"
"1747","glimpse"
"1748","globe"
"1749","gloom"
"1750","gloss"
"1751","glossy"
"1752","glove"
"1753","glucose"
"1754","glutton"
"1755","gnat"
"1756","gnome"
"1757","go"
"1758","goalie"
"1759","goat"
"1760","goatee"
"1761","gobble"
"1762","goblin"
"1763","god"
"1764","godsend"
"1765","godson"
"1766","goggles"
"1767","gold"
"1768","goldfish"
"1769","golf"
"1770","golfer"
"1771","goner"
"1772","good"
"1773","goodness"
"1774","goodwill"
"1775","goody"
"1776","goof"
"1777","goose"
"1778","gopher"
"1779","gorge"
"1780","gospel"
"1781","gossip"
"1782","Gothic"
"1783","goulash"
"1784","gourd"
"1785","gourmet"
"1786","gout"
"1787","grab"
"1788","grade"
"1789","graduate"
"1790","graft"
"1791","grail"
"1792","grain"
"1793","gram"
"1794","grand"
"1795","grandchild"
"1796","grandeur"
"1797","grandma"
"1798","grandson"
"1799","grandstand"
"1800","granite"
"1801","granny"
"1802","grape"
"1803","grapefruit"
"1804","grapevine"
"1805","graph"
"1806","graphics"
"1807","graphite"
"1808","grasp"
"1809","grass"
"1810","grate"
"1811","grave"
"1812","gravel"
"1813","gravy"
"1814","grease"
"1815","greaser"
"1816","great"
"1817","greatness"
"1818","greed"
"1819","green"
"1820","greenhouse"
"1821","grenade"
"1822","greyhound"
"1823","grief"
"1824","grievance"
"1825","grill"
"1826","grin"
"1827","grind"
"1828","grinder"
"1829","grindstone"
"1830","grip"
"1831","gripe"
"1832","grit"
"1833","grits"
"1834","grizzly"
"1835","groan"
"1836","grocer"
"1837","groin"
"1838","groom"
"1839","groove"
"1840","grope"
"1841","gross"
"1842","grotesque"
"1843","grotto"
"1844","grouch"
"1845","ground"
"1846","grounding"
"1847","groundwork"
"1848","group"
"1849","groupie"
"1850","grouping"
"1851","grove"
"1852","growth"
"1853","grub"
"1854","grunt"
"1855","guano"
"1856","guard"
"1857","guardhouse"
"1858","guardian"
"1859","guess"
"1860","guesswork"
"1861","guest"
"1862","guidance"
"1863","guide"
"1864","guidebook"
"1865","guilt"
"1866","Guinea"
"1867","guise"
"1868","guitar"
"1869","gullet"
"1870","gully"
"1871","gulp"
"1872","gum"
"1873","gumbo"
"1874","gumption"
"1875","gun"
"1876","gunboat"
"1877","gunk"
"1878","gunman"
"1879","gunner"
"1880","gunpoint"
"1881","gunshot"
"1882","guru"
"1883","gush"
"1884","gusher"
"1885","gust"
"1886","gut"
"1887","gutter"
"1888","guy"
"1889","gym"
"1890","gymnast"
"1891","habit"
"1892","hack"
"1893","hacksaw"
"1894","hag"
"1895","haiku"
"1896","hail"
"1897","hairbrush"
"1898","haircut"
"1899","hairline"
"1900","hairpin"
"1901","hairstyle"
"1902","halfback"
"1903","hall"
"1904","hallmark"
"1905","hallway"
"1906","halo"
"1907","halt"
"1908","halter"
"1909","ham"
"1910","hammer"
"1911","hammock"
"1912","hamper"
"1913","hand"
"1914","handbag"
"1915","handball"
"1916","handful"
"1917","handgun"
"1918","handle"
"1919","handshake"
"1920","hangar"
"1921","hanger"
"1922","hangman"
"1923","hangout"
"1924","hanky"
"1925","hardship"
"1926","hardware"
"1927","hardwood"
"1928","hare"
"1929","harem"
"1930","harlot"
"1931","harm"
"1932","harness"
"1933","harp"
"1934","harpoon"
"1935","harvest"
"1936","hash"
"1937","hassle"
"1938","haste"
"1939","hatchet"
"1940","hate"
"1941","hatred"
"1942","haul"
"1943","haven"
"1944","havoc"
"1945","haw"
"1946","hawk"
"1947","hay"
"1948","haystack"
"1949","haze"
"1950","head"
"1951","headache"
"1952","headband"
"1953","header"
"1954","headlight"
"1955","headline"
"1956","headset"
"1957","headstone"
"1958","headway"
"1959","healer"
"1960","health"
"1961","heap"
"1962","hearsay"
"1963","hearse"
"1964","heart"
"1965","heartache"
"1966","heartbeat"
"1967","heartburn"
"1968","hearth"
"1969","heat"
"1970","heathen"
"1971","heating"
"1972","heave"
"1973","heaven"
"1974","heavy"
"1975","heck"
"1976","hedge"
"1977","heed"
"1978","heel"
"1979","heifer"
"1980","height"
"1981","heir"
"1982","heiress"
"1983","heirloom"
"1984","helium"
"1985","helmet"
"1986","helmsman"
"1987","help"
"1988","helper"
"1989","hem"
"1990","hen"
"1991","herald"
"1992","herb"
"1993","herbs"
"1994","herd"
"1995","hermit"
"1996","hernia"
"1997","hero"
"1998","herring"
"1999","hertz"
"2000","hex"
"2001","hick"
"2002","hide"
"2003","hideout"
"2004","high"
"2005","highland"
"2006","highlight"
"2007","highness"
"2008","highway"
"2009","hijack"
"2010","hill"
"2011","hillside"
"2012","hindsight"
"2013","hip"
"2014","hippie"
"2015","hippo"
"2016","hire"
"2017","hit"
"2018","hitch"
"2019","hive"
"2020","hoard"
"2021","hoax"
"2022","hobby"
"2023","hobo"
"2024","hock"
"2025","hoe"
"2026","hog"
"2027","hogwash"
"2028","hold"
"2029","holder"
"2030","hole"
"2031","holler"
"2032","holly"
"2033","holster"
"2034","holy"
"2035","homage"
"2036","home"
"2037","homestead"
"2038","hometown"
"2039","homework"
"2040","homing"
"2041","hone"
"2042","honey"
"2043","honky"
"2044","hooch"
"2045","hoodlum"
"2046","hoof"
"2047","hook"
"2048","hooker"
"2049","hooky"
"2050","hoop"
"2051","hooter"
"2052","hop"
"2053","hope"
"2054","hopeful"
"2055","horde"
"2056","hormone"
"2057","horn"
"2058","horror"
"2059","horse"
"2060","horseback"
"2061","horseman"
"2062","horseshoe"
"2063","hose"
"2064","hospice"
"2065","host"
"2066","hostage"
"2067","hostel"
"2068","hostess"
"2069","hotel"
"2070","hothead"
"2071","hour"
"2072","house"
"2073","houseboat"
"2074","houseboy"
"2075","household"
"2076","housewife"
"2077","housework"
"2078","hubby"
"2079","huddle"
"2080","hue"
"2081","huff"
"2082","hug"
"2083","hull"
"2084","humbug"
"2085","humpback"
"2086","hunch"
"2087","hunchback"
"2088","hundred"
"2089","hunger"
"2090","hunt"
"2091","hunting"
"2092","huntress"
"2093","hurdle"
"2094","hurl"
"2095","hurry"
"2096","hurt"
"2097","husband"
"2098","husk"
"2099","husky"
"2100","hussy"
"2101","hustle"
"2102","hut"
"2103","hydrate"
"2104","hygiene"
"2105","hymen"
"2106","hymn"
"2107","ice"
"2108","iceberg"
"2109","icing"
"2110","icon"
"2111","Id"
"2112","idea"
"2113","idiot"
"2114","idol"
"2115","illness"
"2116","image"
"2117","impact"
"2118","impress"
"2119","imprint"
"2120","impulse"
"2121","incense"
"2122","incest"
"2123","inch"
"2124","increase"
"2125","infant"
"2126","infield"
"2127","influence"
"2128","info"
"2129","ink"
"2130","inkling"
"2131","inlet"
"2132","inmate"
"2133","inn"
"2134","inning"
"2135","input"
"2136","inquest"
"2137","insect"
"2138","insight"
"2139","instant"
"2140","insult"
"2141","intake"
"2142","intent"
"2143","interest"
"2144","intern"
"2145","intrigue"
"2146","intro"
"2147","invite"
"2148","invoice"
"2149","ion"
"2150","iron"
"2151","island"
"2152","issue"
"2153","item"
"2154","jab"
"2155","jabber"
"2156","jackal"
"2157","jackass"
"2158","jacket"
"2159","jackpot"
"2160","jade"
"2161","jailbird"
"2162","jailer"
"2163","jam"
"2164","jar"
"2165","jargon"
"2166","jasmine"
"2167","Java"
"2168","javelin"
"2169","jaw"
"2170","jawbone"
"2171","jaws"
"2172","jean"
"2173","jeans"
"2174","jeep"
"2175","jelly"
"2176","jerk"
"2177","jest"
"2178","jester"
"2179","jet"
"2180","jewel"
"2181","jib"
"2182","jiffy"
"2183","jiggle"
"2184","jigsaw"
"2185","jihad"
"2186","jingle"
"2187","jinx"
"2188","jive"
"2189","job"
"2190","jockey"
"2191","jog"
"2192","jogger"
"2193","joint"
"2194","joke"
"2195","jolt"
"2196","jot"
"2197","journal"
"2198","joust"
"2199","joyride"
"2200","judge"
"2201","judo"
"2202","jug"
"2203","juggler"
"2204","juice"
"2205","juju"
"2206","jukebox"
"2207","jump"
"2208","jumper"
"2209","junction"
"2210","juncture"
"2211","jungle"
"2212","junior"
"2213","junk"
"2214","junket"
"2215","junkie"
"2216","juror"
"2217","jury"
"2218","justice"
"2219","kappa"
"2220","karma"
"2221","kayak"
"2222","kebab"
"2223","keel"
"2224","keen"
"2225","keep"
"2226","keeper"
"2227","keepsake"
"2228","kelp"
"2229","kennel"
"2230","kerchief"
"2231","kernel"
"2232","ketchup"
"2233","kettle"
"2234","key"
"2235","keyboard"
"2236","keyhole"
"2237","keynote"
"2238","kick"
"2239","kickoff"
"2240","kid"
"2241","kidder"
"2242","kidney"
"2243","kids"
"2244","kill"
"2245","killer"
"2246","killjoy"
"2247","kilo"
"2248","kin"
"2249","kind"
"2250","kindness"
"2251","kindred"
"2252","king"
"2253","kingdom"
"2254","kingpin"
"2255","kink"
"2256","kinship"
"2257","kiosk"
"2258","kiss"
"2259","kisser"
"2260","kit"
"2261","kitchen"
"2262","kite"
"2263","kiwi"
"2264","knapsack"
"2265","knee"
"2266","kneecap"
"2267","knickers"
"2268","knife"
"2269","knighthood"
"2270","knob"
"2271","knock"
"2272","knockout"
"2273","knot"
"2274","know"
"2275","knowledge"
"2276","kudos"
"2277","lab"
"2278","lace"
"2279","lack"
"2280","lackey"
"2281","lacquer"
"2282","lacrosse"
"2283","lactose"
"2284","lad"
"2285","ladder"
"2286","laddie"
"2287","lady"
"2288","lag"
"2289","lager"
"2290","lagoon"
"2291","lair"
"2292","lake"
"2293","lamb"
"2294","lament"
"2295","lamp"
"2296","lance"
"2297","lancer"
"2298","land"
"2299","landing"
"2300","landlord"
"2301","landmark"
"2302","landscape"
"2303","landslide"
"2304","lane"
"2305","lantern"
"2306","lap"
"2307","lapdog"
"2308","lapel"
"2309","lapse"
"2310","large"
"2311","lark"
"2312","laser"
"2313","lash"
"2314","lass"
"2315","lasso"
"2316","latex"
"2317","lather"
"2318","latrine"
"2319","laughter"
"2320","launch"
"2321","laundry"
"2322","lava"
"2323","law"
"2324","lawn"
"2325","lawyer"
"2326","lay"
"2327","layer"
"2328","layman"
"2329","lead"
"2330","leader"
"2331","leaf"
"2332","league"
"2333","leakage"
"2334","lean"
"2335","leap"
"2336","learner"
"2337","leather"
"2338","leave"
"2339","lecture"
"2340","ledge"
"2341","ledger"
"2342","leech"
"2343","leg"
"2344","legion"
"2345","leisure"
"2346","lemon"
"2347","length"
"2348","lens"
"2349","leopard"
"2350","leper"
"2351","lesbian"
"2352","lesion"
"2353","lesson"
"2354","let"
"2355","letter"
"2356","lettuce"
"2357","levee"
"2358","level"
"2359","lever"
"2360","liar"
"2361","libel"
"2362","lick"
"2363","lid"
"2364","lie"
"2365","liege"
"2366","life"
"2367","lifeboat"
"2368","lifeguard"
"2369","lifeline"
"2370","lifer"
"2371","lifetime"
"2372","lift"
"2373","lightbulb"
"2374","lighthouse"
"2375","lighting"
"2376","lightness"
"2377","lightweight"
"2378","like"
"2379","likeness"
"2380","lilac"
"2381","lily"
"2382","limb"
"2383","limber"
"2384","limbo"
"2385","lime"
"2386","limelight"
"2387","limestone"
"2388","limey"
"2389","limit"
"2390","limp"
"2391","line"
"2392","linen"
"2393","liner"
"2394","lingo"
"2395","linguist"
"2396","link"
"2397","lint"
"2398","lion"
"2399","lip"
"2400","lipstick"
"2401","liqueur"
"2402","liquid"
"2403","liquor"
"2404","lira"
"2405","lisp"
"2406","list"
"2407","listen"
"2408","lithium"
"2409","litter"
"2410","little"
"2411","liver"
"2412","livestock"
"2413","lizard"
"2414","load"
"2415","loaf"
"2416","loafer"
"2417","loan"
"2418","loathing"
"2419","lobby"
"2420","lobe"
"2421","lobster"
"2422","local"
"2423","loch"
"2424","locksmith"
"2425","lockup"
"2426","locust"
"2427","lode"
"2428","lodge"
"2429","log"
"2430","logic"
"2431","loner"
"2432","longboat"
"2433","look"
"2434","looker"
"2435","loom"
"2436","loon"
"2437","loony"
"2438","loop"
"2439","loophole"
"2440","loose"
"2441","loot"
"2442","lord"
"2443","lordship"
"2444","lore"
"2445","loss"
"2446","lotion"
"2447","lotto"
"2448","lotus"
"2449","lounge"
"2450","louse"
"2451","love"
"2452","lovely"
"2453","lover"
"2454","low"
"2455","lowdown"
"2456","luck"
"2457","lug"
"2458","luggage"
"2459","lull"
"2460","lumber"
"2461","lunch"
"2462","lunchtime"
"2463","lung"
"2464","lunge"
"2465","lurch"
"2466","lure"
"2467","lush"
"2468","lust"
"2469","lye"
"2470","lyric"
"2471","lyrics"
"2472","mace"
"2473","Mach"
"2474","mackerel"
"2475","Madam"
"2476","madhouse"
"2477","madman"
"2478","madness"
"2479","maestro"
"2480","Mafia"
"2481","maggot"
"2482","magic"
"2483","magnet"
"2484","magpie"
"2485","maid"
"2486","maiden"
"2487","mailman"
"2488","main"
"2489","mainland"
"2490","mainstream"
"2491","major"
"2492","make"
"2493","maker"
"2494","makeshift"
"2495","male"
"2496","malice"
"2497","mall"
"2498","malt"
"2499","mama"
"2500","mambo"
"2501","mammal"
"2502","mammoth"
"2503","man"
"2504","mandate"
"2505","mane"
"2506","manger"
"2507","mango"
"2508","manhole"
"2509","manhood"
"2510","manor"
"2511","mansion"
"2512","mansions"
"2513","mantel"
"2514","mantis"
"2515","mantle"
"2516","manual"
"2517","map"
"2518","maple"
"2519","marble"
"2520","mare"
"2521","margin"
"2522","marine"
"2523","market"
"2524","marksman"
"2525","maroon"
"2526","marquee"
"2527","marriage"
"2528","marrow"
"2529","marshal"
"2530","mart"
"2531","marvel"
"2532","mascot"
"2533","mash"
"2534","mask"
"2535","mass"
"2536","massage"
"2537","masses"
"2538","masseuse"
"2539","master"
"2540","mat"
"2541","match"
"2542","mate"
"2543","math"
"2544","matrix"
"2545","matron"
"2546","matter"
"2547","mattress"
"2548","maxim"
"2549","may"
"2550","mayday"
"2551","mayhem"
"2552","mayor"
"2553","maze"
"2554","meadow"
"2555","meal"
"2556","mean"
"2557","meanie"
"2558","meaning"
"2559","meantime"
"2560","measles"
"2561","measure"
"2562","medal"
"2563","median"
"2564","medic"
"2565","meet"
"2566","meeting"
"2567","melon"
"2568","member"
"2569","membrane"
"2570","menace"
"2571","menial"
"2572","menthol"
"2573","mention"
"2574","mentor"
"2575","menu"
"2576","merchant"
"2577","mere"
"2578","meringue"
"2579","merit"
"2580","mermaid"
"2581","mesh"
"2582","mess"
"2583","message"
"2584","metal"
"2585","meter"
"2586","methane"
"2587","method"
"2588","mew"
"2589","midair"
"2590","midday"
"2591","middle"
"2592","midget"
"2593","midnight"
"2594","midst"
"2595","midwife"
"2596","mild"
"2597","mildew"
"2598","mile"
"2599","mileage"
"2600","milestone"
"2601","milk"
"2602","milkman"
"2603","milkshake"
"2604","mill"
"2605","million"
"2606","millionth"
"2607","millstone"
"2608","mime"
"2609","mimic"
"2610","mince"
"2611","mincemeat"
"2612","mind"
"2613","minefield"
"2614","miner"
"2615","mining"
"2616","minion"
"2617","mink"
"2618","minor"
"2619","mint"
"2620","minute"
"2621","mirage"
"2622","mire"
"2623","mirror"
"2624","mischief"
"2625","miser"
"2626","misfit"
"2627","mishap"
"2628","miss"
"2629","missile"
"2630","mission"
"2631","missy"
"2632","mist"
"2633","mister"
"2634","mistress"
"2635","mistrust"
"2636","misuse"
"2637","mite"
"2638","mitt"
"2639","mitten"
"2640","mix"
"2641","mixer"
"2642","mixture"
"2643","moan"
"2644","moat"
"2645","mob"
"2646","mobster"
"2647","mocha"
"2648","mock"
"2649","mod"
"2650","model"
"2651","modern"
"2652","module"
"2653","moisture"
"2654","mole"
"2655","mom"
"2656","moment"
"2657","momma"
"2658","monarch"
"2659","money"
"2660","mongrel"
"2661","monk"
"2662","monkey"
"2663","mono"
"2664","monsoon"
"2665","monster"
"2666","montage"
"2667","monthly"
"2668","moo"
"2669","mood"
"2670","moon"
"2671","moonbeam"
"2672","moonlight"
"2673","moonshine"
"2674","Moor"
"2675","moose"
"2676","mope"
"2677","moped"
"2678","morale"
"2679","mores"
"2680","morgue"
"2681","morn"
"2682","morning"
"2683","moron"
"2684","morphine"
"2685","morsel"
"2686","mortal"
"2687","mortar"
"2688","mortgage"
"2689","mosque"
"2690","motel"
"2691","moth"
"2692","mother"
"2693","motif"
"2694","motion"
"2695","motive"
"2696","motley"
"2697","motor"
"2698","motto"
"2699","mound"
"2700","mount"
"2701","mountain"
"2702","mouse"
"2703","mousetrap"
"2704","mousse"
"2705","moustache"
"2706","mouth"
"2707","mouthful"
"2708","mouthpiece"
"2709","mouthwash"
"2710","move"
"2711","movie"
"2712","mower"
"2713","muck"
"2714","mucus"
"2715","mud"
"2716","muddle"
"2717","muff"
"2718","muffin"
"2719","mug"
"2720","mugger"
"2721","mule"
"2722","mullet"
"2723","mum"
"2724","mumps"
"2725","mural"
"2726","murmur"
"2727","muse"
"2728","museum"
"2729","mush"
"2730","mushroom"
"2731","music"
"2732","musket"
"2733","muskrat"
"2734","must"
"2735","mustang"
"2736","mustard"
"2737","muster"
"2738","mutant"
"2739","mute"
"2740","mutt"
"2741","mutter"
"2742","muzzle"
"2743","mystic"
"2744","mystique"
"2745","myth"
"2746","nag"
"2747","nail"
"2748","name"
"2749","nanny"
"2750","nap"
"2751","napalm"
"2752","napkin"
"2753","nappy"
"2754","nasal"
"2755","nation"
"2756","natural"
"2757","nature"
"2758","nausea"
"2759","navel"
"2760","navy"
"2761","neck"
"2762","necklace"
"2763","necktie"
"2764","nectar"
"2765","need"
"2766","needle"
"2767","needy"
"2768","neglect"
"2769","negro"
"2770","neon"
"2771","nerve"
"2772","nest"
"2773","network"
"2774","neuter"
"2775","neutral"
"2776","neutron"
"2777","news"
"2778","newscast"
"2779","newsreel"
"2780","newsstand"
"2781","newt"
"2782","nexus"
"2783","nibble"
"2784","niche"
"2785","nickel"
"2786","nickname"
"2787","niece"
"2788","nigger"
"2789","night"
"2790","nightcap"
"2791","nightclub"
"2792","nightfall"
"2793","nightgown"
"2794","nightie"
"2795","nightlife"
"2796","nightmare"
"2797","nightstick"
"2798","nighttime"
"2799","nimrod"
"2800","nine"
"2801","ninny"
"2802","nipper"
"2803","nitrate"
"2804","nitwit"
"2805","noble"
"2806","nod"
"2807","node"
"2808","noggin"
"2809","nomad"
"2810","nonsense"
"2811","nook"
"2812","noon"
"2813","noose"
"2814","norm"
"2815","normal"
"2816","north"
"2817","northeast"
"2818","northwest"
"2819","nosebleed"
"2820","nostril"
"2821","notch"
"2822","note"
"2823","notebook"
"2824","notice"
"2825","notion"
"2826","noun"
"2827","novel"
"2828","novice"
"2829","nuance"
"2830","nucleus"
"2831","nude"
"2832","nudist"
"2833","nugget"
"2834","nuisance"
"2835","number"
"2836","nun"
"2837","nursemaid"
"2838","nursing"
"2839","nurture"
"2840","nut"
"2841","nutcase"
"2842","nuthouse"
"2843","nylon"
"2844","nymph"
"2845","oaf"
"2846","oak"
"2847","oar"
"2848","oath"
"2849","oatmeal"
"2850","oblique"
"2851","occult"
"2852","oddball"
"2853","ode"
"2854","offence"
"2855","office"
"2856","offset"
"2857","offspring"
"2858","ogre"
"2859","oil"
"2860","oink"
"2861","ointment"
"2862","okra"
"2863","old"
"2864","olive"
"2865","omelet"
"2866","omen"
"2867","one"
"2868","onion"
"2869","onset"
"2870","oodles"
"2871","oomph"
"2872","ooze"
"2873","op"
"2874","opal"
"2875","open"
"2876","opening"
"2877","optics"
"2878","oral"
"2879","orange"
"2880","orb"
"2881","orbit"
"2882","orchard"
"2883","ordeal"
"2884","order"
"2885","ordnance"
"2886","ore"
"2887","organ"
"2888","orgy"
"2889","ostrich"
"2890","otter"
"2891","ounce"
"2892","outage"
"2893","outback"
"2894","outbreak"
"2895","outburst"
"2896","outcast"
"2897","outcome"
"2898","outdoors"
"2899","outfit"
"2900","outhouse"
"2901","outing"
"2902","outlaw"
"2903","outlet"
"2904","outline"
"2905","outlook"
"2906","outpost"
"2907","outrage"
"2908","oven"
"2909","owl"
"2910","ox"
"2911","oxide"
"2912","oyster"
"2913","ozone"
"2914","pace"
"2915","pack"
"2916","packer"
"2917","packet"
"2918","pact"
"2919","pad"
"2920","padding"
"2921","paddle"
"2922","padlock"
"2923","Padre"
"2924","pagan"
"2925","page"
"2926","pageant"
"2927","pail"
"2928","pain"
"2929","paint"
"2930","painter"
"2931","painting"
"2932","pair"
"2933","paisley"
"2934","pal"
"2935","palace"
"2936","palate"
"2937","pale"
"2938","palette"
"2939","palm"
"2940","pamphlet"
"2941","pan"
"2942","pancake"
"2943","pancreas"
"2944","panda"
"2945","pane"
"2946","panel"
"2947","pang"
"2948","panic"
"2949","pansy"
"2950","pant"
"2951","pantheon"
"2952","panther"
"2953","panties"
"2954","pantry"
"2955","pants"
"2956","panty"
"2957","pap"
"2958","papa"
"2959","paper"
"2960","parade"
"2961","pardon"
"2962","parent"
"2963","parish"
"2964","park"
"2965","parka"
"2966","parole"
"2967","parrot"
"2968","parsley"
"2969","part"
"2970","parting"
"2971","partner"
"2972","partridge"
"2973","party"
"2974","passage"
"2975","passion"
"2976","passive"
"2977","passkey"
"2978","password"
"2979","past"
"2980","pasta"
"2981","paste"
"2982","pastime"
"2983","pastor"
"2984","pasture"
"2985","pasty"
"2986","patent"
"2987","path"
"2988","pathway"
"2989","patient"
"2990","patriot"
"2991","patron"
"2992","patter"
"2993","pattern"
"2994","pauper"
"2995","pause"
"2996","pavement"
"2997","paw"
"2998","pawnshop"
"2999","payday"
"3000","payload"
"3001","payment"
"3002","pea"
"3003","peacetime"
"3004","peach"
"3005","peak"
"3006","peanut"
"3007","peanuts"
"3008","pear"
"3009","peasant"
"3010","pecan"
"3011","pecker"
"3012","peel"
"3013","peep"
"3014","peeper"
"3015","peer"
"3016","pellet"
"3017","pelvis"
"3018","pen"
"3019","penance"
"3020","penchant"
"3021","pencil"
"3022","penguin"
"3023","penis"
"3024","pennant"
"3025","penny"
"3026","pension"
"3027","penthouse"
"3028","people"
"3029","pepper"
"3030","percent"
"3031","perch"
"3032","perfect"
"3033","perfume"
"3034","peril"
"3035","period"
"3036","perk"
"3037","perm"
"3038","permit"
"3039","person"
"3040","personal"
"3041","pervert"
"3042","pest"
"3043","pestle"
"3044","pet"
"3045","petal"
"3046","pew"
"3047","phantom"
"3048","phase"
"3049","pheasant"
"3050","phi"
"3051","phlegm"
"3052","phobia"
"3053","phosphate"
"3054","photo"
"3055","photon"
"3056","phrase"
"3057","physics"
"3058","physique"
"3059","pianist"
"3060","piano"
"3061","pick"
"3062","picker"
"3063","picket"
"3064","picnic"
"3065","picture"
"3066","pictures"
"3067","piece"
"3068","pier"
"3069","pig"
"3070","pigeon"
"3071","piggy"
"3072","piglet"
"3073","pigskin"
"3074","pile"
"3075","pill"
"3076","pillage"
"3077","pillar"
"3078","pillbox"
"3079","pillow"
"3080","pilot"
"3081","pimp"
"3082","pimple"
"3083","pin"
"3084","pinch"
"3085","ping"
"3086","pink"
"3087","pinkie"
"3088","pint"
"3089","piping"
"3090","pirate"
"3091","piss"
"3092","piston"
"3093","pit"
"3094","pitch"
"3095","pitcher"
"3096","pity"
"3097","pivot"
"3098","pixie"
"3099","pizza"
"3100","placement"
"3101","plague"
"3102","plaid"
"3103","plain"
"3104","plaintiff"
"3105","plane"
"3106","planet"
"3107","plank"
"3108","plankton"
"3109","planner"
"3110","plant"
"3111","planter"
"3112","plaque"
"3113","plasma"
"3114","plaster"
"3115","plastic"
"3116","plate"
"3117","plateau"
"3118","platform"
"3119","plating"
"3120","platoon"
"3121","play"
"3122","playboy"
"3123","player"
"3124","playground"
"3125","playhouse"
"3126","playmate"
"3127","playpen"
"3128","playroom"
"3129","plaything"
"3130","playtime"
"3131","playwright"
"3132","plaza"
"3133","plea"
"3134","pleasure"
"3135","pliers"
"3136","plot"
"3137","pluck"
"3138","plum"
"3139","plumber"
"3140","plump"
"3141","plunder"
"3142","plunge"
"3143","plunger"
"3144","plural"
"3145","plush"
"3146","plywood"
"3147","pocket"
"3148","poem"
"3149","poet"
"3150","point"
"3151","pointer"
"3152","poise"
"3153","poison"
"3154","poke"
"3155","poker"
"3156","pole"
"3157","police"
"3158","polish"
"3159","polka"
"3160","poll"
"3161","pollen"
"3162","polling"
"3163","polo"
"3164","pomp"
"3165","poncho"
"3166","pong"
"3167","pony"
"3168","pooch"
"3169","poodle"
"3170","poof"
"3171","poor"
"3172","pop"
"3173","popcorn"
"3174","Pope"
"3175","popper"
"3176","porch"
"3177","pore"
"3178","pork"
"3179","porridge"
"3180","port"
"3181","portal"
"3182","porthole"
"3183","portion"
"3184","portrait"
"3185","pose"
"3186","posse"
"3187","possum"
"3188","post"
"3189","postcard"
"3190","postman"
"3191","posture"
"3192","pot"
"3193","potion"
"3194","potty"
"3195","pouch"
"3196","poultry"
"3197","pounce"
"3198","pound"
"3199","pounding"
"3200","powder"
"3201","power"
"3202","pox"
"3203","practice"
"3204","prairie"
"3205","praise"
"3206","prance"
"3207","prank"
"3208","prawn"
"3209","prayer"
"3210","preacher"
"3211","precious"
"3212","preface"
"3213","prefix"
"3214","prelim"
"3215","premier"
"3216","premise"
"3217","prep"
"3218","presence"
"3219","present"
"3220","preserve"
"3221","press"
"3222","prestige"
"3223","pretext"
"3224","pretty"
"3225","pretzel"
"3226","preview"
"3227","prey"
"3228","price"
"3229","prick"
"3230","pride"
"3231","priest"
"3232","priestess"
"3233","priesthood"
"3234","primate"
"3235","prime"
"3236","primer"
"3237","prince"
"3238","princess"
"3239","print"
"3240","printer"
"3241","printing"
"3242","printout"
"3243","prior"
"3244","prison"
"3245","privy"
"3246","prize"
"3247","pro"
"3248","probate"
"3249","probe"
"3250","problem"
"3251","proceeds"
"3252","process"
"3253","prod"
"3254","product"
"3255","profile"
"3256","profit"
"3257","progress"
"3258","project"
"3259","prologue"
"3260","prom"
"3261","promise"
"3262","prompt"
"3263","proof"
"3264","prop"
"3265","propane"
"3266","prophet"
"3267","prose"
"3268","prostate"
"3269","protein"
"3270","protest"
"3271","proton"
"3272","proverb"
"3273","prowess"
"3274","prowl"
"3275","prowler"
"3276","proxy"
"3277","prude"
"3278","prudence"
"3279","prune"
"3280","Psalm"
"3281","psyche"
"3282","psychic"
"3283","psycho"
"3284","pub"
"3285","pubes"
"3286","public"
"3287","puck"
"3288","pucker"
"3289","pudding"
"3290","puddle"
"3291","pug"
"3292","puke"
"3293","pull"
"3294","pulley"
"3295","pulp"
"3296","pulpit"
"3297","pulsar"
"3298","pulse"
"3299","pump"
"3300","pumpkin"
"3301","pun"
"3302","punch"
"3303","puncture"
"3304","punt"
"3305","pup"
"3306","pupil"
"3307","puppet"
"3308","puppy"
"3309","purchase"
"3310","purge"
"3311","purple"
"3312","purpose"
"3313","purr"
"3314","purse"
"3315","pursuit"
"3316","pus"
"3317","push"
"3318","pusher"
"3319","puss"
"3320","pussy"
"3321","put"
"3322","putty"
"3323","puzzle"
"3324","pylon"
"3325","python"
"3326","quad"
"3327","quail"
"3328","quake"
"3329","quantum"
"3330","quarrel"
"3331","quarry"
"3332","quart"
"3333","quarter"
"3334","quartet"
"3335","quartz"
"3336","queen"
"3337","queer"
"3338","query"
"3339","quest"
"3340","question"
"3341","queue"
"3342","quiche"
"3343","quick"
"3344","quickie"
"3345","quicksand"
"3346","quiet"
"3347","quilt"
"3348","quince"
"3349","quintet"
"3350","quirk"
"3351","quitter"
"3352","quiver"
"3353","quiz"
"3354","quota"
"3355","quote"
"3356","rabble"
"3357","rabies"
"3358","raccoon"
"3359","race"
"3360","racehorse"
"3361","racer"
"3362","racetrack"
"3363","racist"
"3364","rack"
"3365","radar"
"3366","radial"
"3367","radish"
"3368","radium"
"3369","radius"
"3370","raffle"
"3371","raft"
"3372","rag"
"3373","rage"
"3374","ragtime"
"3375","raider"
"3376","rail"
"3377","railroad"
"3378","railway"
"3379","rain"
"3380","raincoat"
"3381","rainstorm"
"3382","raisin"
"3383","rake"
"3384","rally"
"3385","ram"
"3386","ramble"
"3387","rambling"
"3388","ramp"
"3389","rampart"
"3390","ramrod"
"3391","rancher"
"3392","random"
"3393","range"
"3394","ranger"
"3395","rank"
"3396","ransom"
"3397","rap"
"3398","rape"
"3399","rapist"
"3400","rapport"
"3401","rapture"
"3402","rascal"
"3403","rash"
"3404","rat"
"3405","ratchet"
"3406","rating"
"3407","ration"
"3408","rattle"
"3409","rave"
"3410","ravine"
"3411","rawhide"
"3412","razor"
"3413","read"
"3414","reader"
"3415","readout"
"3416","ready"
"3417","realist"
"3418","realm"
"3419","realty"
"3420","reaper"
"3421","rear"
"3422","reason"
"3423","rebel"
"3424","rebirth"
"3425","rebound"
"3426","recall"
"3427","recap"
"3428","receipt"
"3429","recess"
"3430","recluse"
"3431","record"
"3432","recount"
"3433","recourse"
"3434","recruit"
"3435","rectum"
"3436","red"
"3437","redhead"
"3438","reef"
"3439","reefer"
"3440","reel"
"3441","ref"
"3442","reference"
"3443","refill"
"3444","reflex"
"3445","reform"
"3446","refrain"
"3447","refuge"
"3448","refund"
"3449","regard"
"3450","reggae"
"3451","regime"
"3452","region"
"3453","rehash"
"3454","reign"
"3455","rein"
"3456","reindeer"
"3457","reins"
"3458","reject"
"3459","relapse"
"3460","relay"
"3461","release"
"3462","relief"
"3463","remark"
"3464","remorse"
"3465","remove"
"3466","renown"
"3467","rent"
"3468","rental"
"3469","repair"
"3470","replay"
"3471","reply"
"3472","report"
"3473","repose"
"3474","reprieve"
"3475","reproach"
"3476","reptile"
"3477","request"
"3478","rerun"
"3479","rescue"
"3480","research"
"3481","resin"
"3482","resort"
"3483","resource"
"3484","respect"
"3485","respite"
"3486","rest"
"3487","restraint"
"3488","result"
"3489","retail"
"3490","retake"
"3491","rethink"
"3492","retire"
"3493","return"
"3494","rev"
"3495","revel"
"3496","revenge"
"3497","reverse"
"3498","review"
"3499","revise"
"3500","revolt"
"3501","revue"
"3502","rewrite"
"3503","rhinestone"
"3504","rhino"
"3505","rhubarb"
"3506","rhyme"
"3507","rhythm"
"3508","rib"
"3509","rich"
"3510","rickshaw"
"3511","riddance"
"3512","riddle"
"3513","ride"
"3514","rider"
"3515","ridge"
"3516","riff"
"3517","riffraff"
"3518","rift"
"3519","rig"
"3520","right"
"3521","rim"
"3522","ringer"
"3523","ringside"
"3524","rink"
"3525","rip"
"3526","ripple"
"3527","rise"
"3528","risk"
"3529","rite"
"3530","ritual"
"3531","rival"
"3532","river"
"3533","roach"
"3534","roadhouse"
"3535","roadie"
"3536","roar"
"3537","roast"
"3538","robber"
"3539","robin"
"3540","robot"
"3541","rock"
"3542","rocker"
"3543","rocket"
"3544","rod"
"3545","roe"
"3546","rogue"
"3547","role"
"3548","roll"
"3549","roller"
"3550","Roman"
"3551","romance"
"3552","romp"
"3553","roof"
"3554","rook"
"3555","rookie"
"3556","room"
"3557","roomful"
"3558","roommate"
"3559","rooms"
"3560","roost"
"3561","rooster"
"3562","root"
"3563","rope"
"3564","ropes"
"3565","rose"
"3566","roster"
"3567","rot"
"3568","rotor"
"3569","rouge"
"3570","rough"
"3571","roughneck"
"3572","roulette"
"3573","round"
"3574","roundup"
"3575","route"
"3576","routine"
"3577","rowboat"
"3578","rowdy"
"3579","rowing"
"3580","royal"
"3581","rub"
"3582","rubber"
"3583","rubbish"
"3584","rubble"
"3585","ruby"
"3586","ruckus"
"3587","ruff"
"3588","ruffle"
"3589","rug"
"3590","rugby"
"3591","ruin"
"3592","rule"
"3593","ruler"
"3594","ruling"
"3595","rumble"
"3596","rummage"
"3597","rump"
"3598","rumpus"
"3599","runner"
"3600","runt"
"3601","runway"
"3602","rupture"
"3603","ruse"
"3604","rush"
"3605","rust"
"3606","rustic"
"3607","rustle"
"3608","rustler"
"3609","rut"
"3610","rye"
"3611","sac"
"3612","saddle"
"3613","sadist"
"3614","sadness"
"3615","safe"
"3616","safeguard"
"3617","saffron"
"3618","saga"
"3619","sage"
"3620","saint"
"3621","salad"
"3622","sale"
"3623","salesgirl"
"3624","salesman"
"3625","salmon"
"3626","salon"
"3627","saloon"
"3628","salvage"
"3629","salve"
"3630","samba"
"3631","sanctum"
"3632","sandbox"
"3633","sandstorm"
"3634","sandwich"
"3635","sardine"
"3636","sash"
"3637","satchel"
"3638","satyr"
"3639","sauce"
"3640","sauna"
"3641","sausage"
"3642","savage"
"3643","savant"
"3644","save"
"3645","saver"
"3646","savings"
"3647","savvy"
"3648","saw"
"3649","sawdust"
"3650","sawmill"
"3651","sax"
"3652","say"
"3653","scab"
"3654","scaffold"
"3655","scale"
"3656","scalp"
"3657","scalpel"
"3658","scamp"
"3659","scampi"
"3660","scanner"
"3661","scapegoat"
"3662","scar"
"3663","scare"
"3664","scarecrow"
"3665","scarf"
"3666","scatter"
"3667","scene"
"3668","scent"
"3669","schedule"
"3670","school"
"3671","schoolboy"
"3672","schoolgirl"
"3673","schoolhouse"
"3674","schooling"
"3675","schooner"
"3676","science"
"3677","scissors"
"3678","scold"
"3679","scone"
"3680","scoop"
"3681","scope"
"3682","scorch"
"3683","scoreboard"
"3684","scorer"
"3685","scorpion"
"3686","Scotch"
"3687","scoundrel"
"3688","scour"
"3689","scout"
"3690","scowl"
"3691","scrabble"
"3692","scramble"
"3693","scrap"
"3694","scrapbook"
"3695","scrape"
"3696","scratch"
"3697","scream"
"3698","screen"
"3699","screening"
"3700","screw"
"3701","screwball"
"3702","scribble"
"3703","script"
"3704","scripture"
"3705","scrotum"
"3706","scrounger"
"3707","scrub"
"3708","scuba"
"3709","scuff"
"3710","scuffle"
"3711","sculptor"
"3712","sculpture"
"3713","scum"
"3714","scurry"
"3715","scuttle"
"3716","seaboard"
"3717","seafood"
"3718","seaman"
"3719","seamstress"
"3720","search"
"3721","searchlight"
"3722","seashore"
"3723","seaside"
"3724","seat"
"3725","seating"
"3726","seaweed"
"3727","sec"
"3728","second"
"3729","secret"
"3730","sect"
"3731","sedan"
"3732","see"
"3733","seed"
"3734","seer"
"3735","seesaw"
"3736","seizure"
"3737","self"
"3738","sell"
"3739","seller"
"3740","semblance"
"3741","semen"
"3742","semi"
"3743","sender"
"3744","senior"
"3745","sense"
"3746","sensor"
"3747","sentence"
"3748","sentry"
"3749","sequence"
"3750","sergeant"
"3751","series"
"3752","sermon"
"3753","serpent"
"3754","serum"
"3755","serve"
"3756","server"
"3757","service"
"3758","set"
"3759","setback"
"3760","settle"
"3761","seven"
"3762","sewage"
"3763","sewer"
"3764","sewing"
"3765","shack"
"3766","shade"
"3767","shadow"
"3768","shaft"
"3769","shake"
"3770","shakedown"
"3771","shallows"
"3772","sham"
"3773","shaman"
"3774","shame"
"3775","shank"
"3776","shanty"
"3777","shape"
"3778","shard"
"3779","share"
"3780","shark"
"3781","sharp"
"3782","shave"
"3783","shaver"
"3784","shawl"
"3785","sheath"
"3786","sheepdog"
"3787","sheet"
"3788","shelf"
"3789","shell"
"3790","shellfish"
"3791","shelter"
"3792","shepherd"
"3793","sheriff"
"3794","sherry"
"3795","shield"
"3796","shift"
"3797","shilling"
"3798","shimmer"
"3799","shin"
"3800","shindig"
"3801","shiner"
"3802","shingle"
"3803","ship"
"3804","shipping"
"3805","shipwreck"
"3806","shipyard"
"3807","shire"
"3808","shirt"
"3809","shit"
"3810","shiver"
"3811","shock"
"3812","shocker"
"3813","shoddy"
"3814","shoe"
"3815","shoelace"
"3816","shoeshine"
"3817","shoot"
"3818","shop"
"3819","shopper"
"3820","short"
"3821","shortage"
"3822","shortcake"
"3823","shorthand"
"3824","shortness"
"3825","shorts"
"3826","shot"
"3827","shotgun"
"3828","shoulder"
"3829","shove"
"3830","shovel"
"3831","showbiz"
"3832","showboat"
"3833","shower"
"3834","showgirl"
"3835","showroom"
"3836","shrapnel"
"3837","shred"
"3838","shrew"
"3839","shriek"
"3840","shroud"
"3841","shrug"
"3842","shudder"
"3843","shutdown"
"3844","shutter"
"3845","shuttle"
"3846","shy"
"3847","shyness"
"3848","shyster"
"3849","sick"
"3850","sickle"
"3851","sickness"
"3852","side"
"3853","sideburns"
"3854","sidecar"
"3855","sideline"
"3856","sideshow"
"3857","sidewalk"
"3858","siege"
"3859","sigh"
"3860","sight"
"3861","sighting"
"3862","signal"
"3863","silence"
"3864","silent"
"3865","silk"
"3866","silly"
"3867","silo"
"3868","silver"
"3869","simple"
"3870","sin"
"3871","singer"
"3872","single"
"3873","sink"
"3874","sinker"
"3875","sinner"
"3876","sinus"
"3877","sir"
"3878","sire"
"3879","siren"
"3880","sirloin"
"3881","sister"
"3882","six"
"3883","sixpence"
"3884","sixteen"
"3885","sixty"
"3886","size"
"3887","skate"
"3888","skateboard"
"3889","skater"
"3890","skeet"
"3891","ski"
"3892","skid"
"3893","skillet"
"3894","skin"
"3895","skip"
"3896","skirt"
"3897","skull"
"3898","skunk"
"3899","sky"
"3900","skylight"
"3901","skyline"
"3902","slab"
"3903","slack"
"3904","slag"
"3905","slam"
"3906","slander"
"3907","slant"
"3908","slap"
"3909","slash"
"3910","slate"
"3911","slave"
"3912","slayer"
"3913","sled"
"3914","sledge"
"3915","sleep"
"3916","sleeper"
"3917","sleet"
"3918","sleeve"
"3919","sleigh"
"3920","slice"
"3921","slick"
"3922","slicker"
"3923","slime"
"3924","sling"
"3925","slingshot"
"3926","slip"
"3927","slipper"
"3928","slit"
"3929","slob"
"3930","slobber"
"3931","slogan"
"3932","slop"
"3933","slope"
"3934","sloth"
"3935","slouch"
"3936","sludge"
"3937","slug"
"3938","slum"
"3939","slumber"
"3940","slump"
"3941","slur"
"3942","slush"
"3943","slut"
"3944","smack"
"3945","small"
"3946","smallpox"
"3947","smear"
"3948","smell"
"3949","smile"
"3950","smirk"
"3951","smog"
"3952","smoke"
"3953","smooch"
"3954","smooth"
"3955","smoothie"
"3956","smother"
"3957","smudge"
"3958","smuggler"
"3959","smut"
"3960","snack"
"3961","snag"
"3962","snail"
"3963","snake"
"3964","snap"
"3965","snapper"
"3966","snare"
"3967","snarl"
"3968","snatch"
"3969","snatcher"
"3970","sneak"
"3971","sneaker"
"3972","sneer"
"3973","sneeze"
"3974","sniff"
"3975","snip"
"3976","sniper"
"3977","snitch"
"3978","snob"
"3979","snoop"
"3980","snooze"
"3981","snore"
"3982","snorkel"
"3983","snort"
"3984","snot"
"3985","snout"
"3986","snow"
"3987","snowball"
"3988","snowfall"
"3989","snowflake"
"3990","snowman"
"3991","snowstorm"
"3992","snub"
"3993","snuff"
"3994","snug"
"3995","soak"
"3996","soapbox"
"3997","sob"
"3998","soccer"
"3999","social"
"4000","sod"
"4001","soda"
"4002","sodium"
"4003","sofa"
"4004","softball"
"4005","softener"
"4006","softness"
"4007","software"
"4008","soil"
"4009","soiree"
"4010","solace"
"4011","soldier"
"4012","sole"
"4013","solid"
"4014","solvent"
"4015","song"
"4016","sonnet"
"4017","soot"
"4018","sore"
"4019","sorrow"
"4020","soul"
"4021","sound"
"4022","soundtrack"
"4023","soup"
"4024","source"
"4025","south"
"4026","southeast"
"4027","southpaw"
"4028","southwest"
"4029","sovereign"
"4030","Soviet"
"4031","sow"
"4032","soy"
"4033","soybean"
"4034","spa"
"4035","space"
"4036","spaceship"
"4037","spacing"
"4038","spade"
"4039","spam"
"4040","span"
"4041","spaniel"
"4042","spank"
"4043","spanking"
"4044","spar"
"4045","spare"
"4046","spark"
"4047","sparkle"
"4048","sparrow"
"4049","spasm"
"4050","spatter"
"4051","spear"
"4052","spec"
"4053","special"
"4054","species"
"4055","speck"
"4056","specs"
"4057","spectrum"
"4058","speech"
"4059","speed"
"4060","speedboat"
"4061","speedway"
"4062","spell"
"4063","spelling"
"4064","sperm"
"4065","sphere"
"4066","sphincter"
"4067","sphinx"
"4068","spider"
"4069","spike"
"4070","spin"
"4071","spinach"
"4072","spindle"
"4073","spine"
"4074","spinner"
"4075","spinster"
"4076","spiral"
"4077","spirit"
"4078","spit"
"4079","spittoon"
"4080","splash"
"4081","spleen"
"4082","splice"
"4083","splint"
"4084","splinter"
"4085","split"
"4086","spoil"
"4087","spoils"
"4088","spokesman"
"4089","sponsor"
"4090","spool"
"4091","spoon"
"4092","spoonful"
"4093","sport"
"4094","sportsman"
"4095","spot"
"4096","spotlight"
"4097","spotter"
"4098","spouse"
"4099","sprain"
"4100","spray"
"4101","spread"
"4102","spreader"
"4103","spree"
"4104","spring"
"4105","springtime"
"4106","sprinkle"
"4107","sprint"
"4108","sprite"
"4109","sprout"
"4110","spruce"
"4111","spud"
"4112","spunk"
"4113","spur"
"4114","spy"
"4115","squabble"
"4116","squad"
"4117","squadron"
"4118","squall"
"4119","square"
"4120","squash"
"4121","squat"
"4122","squaw"
"4123","squawk"
"4124","squeak"
"4125","squealer"
"4126","squeeze"
"4127","squint"
"4128","squire"
"4129","squirm"
"4130","squirt"
"4131","stab"
"4132","stable"
"4133","stack"
"4134","stadium"
"4135","staff"
"4136","stag"
"4137","stagecoach"
"4138","stagger"
"4139","stain"
"4140","stair"
"4141","stairs"
"4142","stairway"
"4143","stairwell"
"4144","stalemate"
"4145","stalk"
"4146","stall"
"4147","stallion"
"4148","stamp"
"4149","stance"
"4150","standard"
"4151","standpoint"
"4152","stapler"
"4153","star"
"4154","starboard"
"4155","starch"
"4156","stardom"
"4157","stardust"
"4158","stare"
"4159","starfish"
"4160","starlet"
"4161","starlight"
"4162","starling"
"4163","start"
"4164","starter"
"4165","state"
"4166","statement"
"4167","stateroom"
"4168","statesman"
"4169","static"
"4170","station"
"4171","statue"
"4172","stature"
"4173","status"
"4174","statute"
"4175","stay"
"4176","steady"
"4177","steak"
"4178","steal"
"4179","stealth"
"4180","steamboat"
"4181","steamer"
"4182","steamship"
"4183","steel"
"4184","steeple"
"4185","steer"
"4186","stem"
"4187","stench"
"4188","step"
"4189","sterling"
"4190","stern"
"4191","sternum"
"4192","steroid"
"4193","stew"
"4194","steward"
"4195","stewardess"
"4196","stick"
"4197","stickler"
"4198","stiff"
"4199","stigma"
"4200","stillness"
"4201","stinger"
"4202","stink"
"4203","stinker"
"4204","stint"
"4205","stir"
"4206","stitch"
"4207","stock"
"4208","stockade"
"4209","stocking"
"4210","stockings"
"4211","stockpile"
"4212","stockroom"
"4213","stomach"
"4214","stomp"
"4215","stone"
"4216","stooge"
"4217","stool"
"4218","stoop"
"4219","stopper"
"4220","store"
"4221","storeroom"
"4222","storm"
"4223","story"
"4224","stout"
"4225","stove"
"4226","strain"
"4227","strand"
"4228","straw"
"4229","stray"
"4230","stream"
"4231","streamline"
"4232","street"
"4233","streetcar"
"4234","strength"
"4235","stretch"
"4236","stretcher"
"4237","stride"
"4238","strife"
"4239","strike"
"4240","striker"
"4241","string"
"4242","strings"
"4243","stripper"
"4244","striptease"
"4245","stroke"
"4246","stroll"
"4247","stronghold"
"4248","structure"
"4249","strudel"
"4250","struggle"
"4251","stub"
"4252","stud"
"4253","stuff"
"4254","stumble"
"4255","stump"
"4256","stunner"
"4257","stunt"
"4258","stupid"
"4259","stutter"
"4260","style"
"4261","stylist"
"4262","sub"
"4263","subject"
"4264","sublime"
"4265","substance"
"4266","suburb"
"4267","success"
"4268","sucker"
"4269","suds"
"4270","suede"
"4271","sugar"
"4272","suit"
"4273","suitcase"
"4274","suite"
"4275","sulk"
"4276","sultan"
"4277","sum"
"4278","summer"
"4279","summit"
"4280","sundae"
"4281","sundown"
"4282","sunlight"
"4283","sunroof"
"4284","sunshine"
"4285","sup"
"4286","supper"
"4287","supply"
"4288","surf"
"4289","surface"
"4290","surfer"
"4291","surge"
"4292","surgeon"
"4293","surname"
"4294","surplus"
"4295","surprise"
"4296","surround"
"4297","survey"
"4298","suspect"
"4299","suspense"
"4300","suture"
"4301","swab"
"4302","swag"
"4303","swallow"
"4304","swami"
"4305","swank"
"4306","swap"
"4307","swarm"
"4308","swat"
"4309","sway"
"4310","sweat"
"4311","sweater"
"4312","sweatshirt"
"4313","sweatshop"
"4314","sweep"
"4315","sweet"
"4316","sweetheart"
"4317","sweetie"
"4318","sweetness"
"4319","swell"
"4320","swerve"
"4321","swift"
"4322","swill"
"4323","swim"
"4324","swimmer"
"4325","swimming"
"4326","swimsuit"
"4327","swindle"
"4328","swindler"
"4329","swine"
"4330","swing"
"4331","swipe"
"4332","swirl"
"4333","swish"
"4334","switchblade"
"4335","switchboard"
"4336","swivel"
"4337","swoop"
"4338","sword"
"4339","swordfish"
"4340","swordsman"
"4341","symbol"
"4342","symptom"
"4343","sync"
"4344","syndrome"
"4345","syringe"
"4346","syrup"
"4347","system"
"4348","tab"
"4349","table"
"4350","tablet"
"4351","taboo"
"4352","tackle"
"4353","tactic"
"4354","tadpole"
"4355","taffy"
"4356","tag"
"4357","tail"
"4358","tailor"
"4359","taint"
"4360","take"
"4361","taker"
"4362","talcum"
"4363","tale"
"4364","talent"
"4365","talker"
"4366","tally"
"4367","talon"
"4368","tamer"
"4369","tampon"
"4370","tan"
"4371","tang"
"4372","tangle"
"4373","tango"
"4374","tank"
"4375","tanker"
"4376","tantrum"
"4377","tap"
"4378","tape"
"4379","tapeworm"
"4380","taps"
"4381","tar"
"4382","target"
"4383","tarmac"
"4384","tart"
"4385","tartar"
"4386","tassel"
"4387","taste"
"4388","tattoo"
"4389","taunt"
"4390","tavern"
"4391","tax"
"4392","taxi"
"4393","tea"
"4394","teacher"
"4395","teal"
"4396","team"
"4397","teamwork"
"4398","teapot"
"4399","tear"
"4400","tease"
"4401","teaspoon"
"4402","teatime"
"4403","tech"
"4404","technique"
"4405","tee"
"4406","teens"
"4407","teller"
"4408","temp"
"4409","tempest"
"4410","template"
"4411","temple"
"4412","tempo"
"4413","temptress"
"4414","ten"
"4415","tender"
"4416","tennis"
"4417","tense"
"4418","tension"
"4419","tent"
"4420","tenure"
"4421","tepee"
"4422","termite"
"4423","terrace"
"4424","terrain"
"4425","terrier"
"4426","terror"
"4427","test"
"4428","tether"
"4429","textbook"
"4430","textile"
"4431","texture"
"4432","thanks"
"4433","thatch"
"4434","thaw"
"4435","theft"
"4436","theme"
"4437","thermal"
"4438","thermos"
"4439","thesis"
"4440","thick"
"4441","thicket"
"4442","thickness"
"4443","thief"
"4444","thing"
"4445","think"
"4446","third"
"4447","thirst"
"4448","thirty"
"4449","thistle"
"4450","thorn"
"4451","thought"
"4452","thread"
"4453","threat"
"4454","threesome"
"4455","threshold"
"4456","thrift"
"4457","thriller"
"4458","throat"
"4459","throes"
"4460","throne"
"4461","throttle"
"4462","throw"
"4463","throwback"
"4464","thrower"
"4465","thrust"
"4466","thruster"
"4467","thud"
"4468","thug"
"4469","thumb"
"4470","thunder"
"4471","thyroid"
"4472","tibia"
"4473","tic"
"4474","tick"
"4475","ticker"
"4476","ticket"
"4477","tickle"
"4478","tidings"
"4479","tidy"
"4480","tie"
"4481","tier"
"4482","tiger"
"4483","tightrope"
"4484","tights"
"4485","tile"
"4486","timber"
"4487","times"
"4488","timing"
"4489","tin"
"4490","tinfoil"
"4491","tingle"
"4492","tinker"
"4493","tinkle"
"4494","tip"
"4495","tipper"
"4496","tipster"
"4497","tiptoe"
"4498","tissue"
"4499","tit"
"4500","titan"
"4501","title"
"4502","toad"
"4503","toast"
"4504","toaster"
"4505","toffee"
"4506","tofu"
"4507","toga"
"4508","toil"
"4509","toilet"
"4510","token"
"4511","tomb"
"4512","tomcat"
"4513","tome"
"4514","ton"
"4515","tone"
"4516","tongue"
"4517","tonic"
"4518","tool"
"4519","toot"
"4520","tooth"
"4521","toothache"
"4522","toothbrush"
"4523","toothpick"
"4524","toots"
"4525","top"
"4526","topic"
"4527","torch"
"4528","torment"
"4529","torque"
"4530","torrent"
"4531","torso"
"4532","tortoise"
"4533","torture"
"4534","toss"
"4535","tot"
"4536","total"
"4537","tote"
"4538","totem"
"4539","touch"
"4540","touchdown"
"4541","tough"
"4542","toupee"
"4543","tour"
"4544","tourist"
"4545","tout"
"4546","tow"
"4547","towel"
"4548","tower"
"4549","town"
"4550","township"
"4551","toxin"
"4552","toy"
"4553","trace"
"4554","tracer"
"4555","track"
"4556","tracker"
"4557","traction"
"4558","tractor"
"4559","trade"
"4560","trademark"
"4561","trader"
"4562","traffic"
"4563","train"
"4564","trainee"
"4565","trainer"
"4566","training"
"4567","trait"
"4568","traitor"
"4569","tram"
"4570","tramp"
"4571","trample"
"4572","trance"
"4573","transcript"
"4574","transfer"
"4575","transient"
"4576","transit"
"4577","transplant"
"4578","transport"
"4579","trap"
"4580","trapper"
"4581","trauma"
"4582","traverse"
"4583","tray"
"4584","tread"
"4585","treadmill"
"4586","treason"
"4587","treasure"
"4588","treat"
"4589","treatment"
"4590","treaty"
"4591","tree"
"4592","tremor"
"4593","trench"
"4594","trend"
"4595","trendy"
"4596","triad"
"4597","trial"
"4598","tribal"
"4599","tribe"
"4600","tribune"
"4601","tribute"
"4602","trick"
"4603","trifle"
"4604","trigger"
"4605","trillion"
"4606","trim"
"4607","trinket"
"4608","trio"
"4609","trip"
"4610","tripe"
"4611","triumph"
"4612","trivia"
"4613","troll"
"4614","trolley"
"4615","trombone"
"4616","troop"
"4617","trooper"
"4618","trophy"
"4619","tropic"
"4620","tropics"
"4621","trot"
"4622","trouble"
"4623","troupe"
"4624","trousers"
"4625","trout"
"4626","truce"
"4627","truffle"
"4628","trump"
"4629","trumpet"
"4630","trunk"
"4631","trust"
"4632","trustee"
"4633","trusty"
"4634","truth"
"4635","try"
"4636","tub"
"4637","tuba"
"4638","tube"
"4639","tuck"
"4640","tug"
"4641","tugboat"
"4642","tulip"
"4643","tumble"
"4644","tummy"
"4645","tuna"
"4646","tune"
"4647","tunic"
"4648","turbine"
"4649","turd"
"4650","turf"
"4651","turkey"
"4652","turmoil"
"4653","turn"
"4654","turnip"
"4655","turnpike"
"4656","turret"
"4657","turtle"
"4658","tussle"
"4659","tutor"
"4660","tutu"
"4661","tux"
"4662","Twain"
"4663","twat"
"4664","tweed"
"4665","tweezers"
"4666","twelve"
"4667","twerp"
"4668","twig"
"4669","twilight"
"4670","twin"
"4671","twinkle"
"4672","twirl"
"4673","twist"
"4674","twister"
"4675","twit"
"4676","twosome"
"4677","tycoon"
"4678","type"
"4679","typhoid"
"4680","typhoon"
"4681","typist"
"4682","ulcer"
"4683","uncle"
"4684","undress"
"4685","union"
"4686","unit"
"4687","unknown"
"4688","unrest"
"4689","unseen"
"4690","upgrade"
"4691","upkeep"
"4692","upper"
"4693","upright"
"4694","uproar"
"4695","upset"
"4696","upstart"
"4697","urge"
"4698","urine"
"4699","urn"
"4700","usage"
"4701","use"
"4702","usher"
"4703","utmost"
"4704","vaccine"
"4705","vacuum"
"4706","vagrant"
"4707","valance"
"4708","vale"
"4709","valet"
"4710","valley"
"4711","value"
"4712","vamp"
"4713","van"
"4714","vandal"
"4715","vanguard"
"4716","vantage"
"4717","varmint"
"4718","varnish"
"4719","vassal"
"4720","vat"
"4721","vault"
"4722","veal"
"4723","vector"
"4724","vegan"
"4725","vehicle"
"4726","veil"
"4727","vein"
"4728","velour"
"4729","velvet"
"4730","veneer"
"4731","vengeance"
"4732","venom"
"4733","vent"
"4734","venue"
"4735","verdict"
"4736","verge"
"4737","vermin"
"4738","vermouth"
"4739","verse"
"4740","version"
"4741","vessel"
"4742","vest"
"4743","vet"
"4744","veto"
"4745","vial"
"4746","vicar"
"4747","vice"
"4748","viceroy"
"4749","victim"
"4750","viewer"
"4751","viewpoint"
"4752","villa"
"4753","village"
"4754","villain"
"4755","vine"
"4756","vineyard"
"4757","vintage"
"4758","vinyl"
"4759","viper"
"4760","virtue"
"4761","virus"
"4762","visa"
"4763","vision"
"4764","visit"
"4765","visor"
"4766","vitals"
"4767","vixen"
"4768","vocal"
"4769","vodka"
"4770","vogue"
"4771","voice"
"4772","voltage"
"4773","volume"
"4774","volumes"
"4775","vomit"
"4776","voodoo"
"4777","vortex"
"4778","vote"
"4779","voter"
"4780","vow"
"4781","vowel"
"4782","voyage"
"4783","voyeur"
"4784","vulture"
"4785","wad"
"4786","waddle"
"4787","waffle"
"4788","wag"
"4789","wage"
"4790","wager"
"4791","wail"
"4792","waistline"
"4793","wait"
"4794","waiter"
"4795","waitress"
"4796","walk"
"4797","wall"
"4798","wallet"
"4799","wallop"
"4800","wallow"
"4801","walnut"
"4802","walrus"
"4803","waltz"
"4804","wand"
"4805","want"
"4806","wanton"
"4807","war"
"4808","ward"
"4809","warden"
"4810","wardrobe"
"4811","warehouse"
"4812","warfare"
"4813","warhead"
"4814","warlock"
"4815","warlord"
"4816","warm"
"4817","warmth"
"4818","warning"
"4819","warrior"
"4820","warship"
"4821","wart"
"4822","wartime"
"4823","wash"
"4824","washer"
"4825","washout"
"4826","washroom"
"4827","wasp"
"4828","wasteland"
"4829","watch"
"4830","watchdog"
"4831","watcher"
"4832","watchman"
"4833","water"
"4834","wave"
"4835","weakling"
"4836","weakness"
"4837","wealth"
"4838","weapon"
"4839","wear"
"4840","wearer"
"4841","weasel"
"4842","weather"
"4843","web"
"4844","wedding"
"4845","wedlock"
"4846","wee"
"4847","weed"
"4848","weeds"
"4849","weekend"
"4850","weekly"
"4851","weight"
"4852","weirdo"
"4853","welcome"
"4854","weld"
"4855","welder"
"4856","welfare"
"4857","Welsh"
"4858","wench"
"4859","west"
"4860","wet"
"4861","whack"
"4862","whaling"
"4863","wharf"
"4864","whatnot"
"4865","wheat"
"4866","wheel"
"4867","wheelchair"
"4868","whelp"
"4869","whiff"
"4870","whim"
"4871","whimper"
"4872","whimsy"
"4873","whine"
"4874","whip"
"4875","whiplash"
"4876","whirl"
"4877","whirlpool"
"4878","whirlwind"
"4879","whisk"
"4880","whiskers"
"4881","whisper"
"4882","whit"
"4883","white"
"4884","whitewash"
"4885","whiz"
"4886","whole"
"4887","wholesale"
"4888","whopper"
"4889","whore"
"4890","whorehouse"
"4891","wicker"
"4892","width"
"4893","wife"
"4894","wig"
"4895","wiggle"
"4896","wild"
"4897","wildcat"
"4898","wildlife"
"4899","will"
"4900","willies"
"4901","willow"
"4902","Wimpy"
"4903","win"
"4904","winch"
"4905","wind"
"4906","windbag"
"4907","windmill"
"4908","window"
"4909","windpipe"
"4910","windshield"
"4911","wine"
"4912","wing"
"4913","winger"
"4914","wink"
"4915","winner"
"4916","wipe"
"4917","wire"
"4918","wiring"
"4919","wisdom"
"4920","wise"
"4921","wish"
"4922","wishbone"
"4923","wisp"
"4924","wit"
"4925","witch"
"4926","witchcraft"
"4927","wizard"
"4928","wobble"
"4929","wolf"
"4930","woman"
"4931","womb"
"4932","wont"
"4933","wood"
"4934","woodland"
"4935","woodshed"
"4936","woodsman"
"4937","word"
"4938","work"
"4939","worker"
"4940","workings"
"4941","workman"
"4942","workout"
"4943","workshop"
"4944","worm"
"4945","wormhole"
"4946","wormwood"
"4947","worry"
"4948","worship"
"4949","worthy"
"4950","wrap"
"4951","wrapper"
"4952","wrath"
"4953","wreath"
"4954","wreck"
"4955","wreckage"
"4956","wrecker"
"4957","wrench"
"4958","wrestle"
"4959","wrestler"
"4960","wretch"
"4961","wriggle"
"4962","wring"
"4963","wrinkle"
"4964","wristwatch"
"4965","writ"
"4966","yacht"
"4967","yahoo"
"4968","yak"
"4969","yank"
"4970","yap"
"4971","yard"
"4972","yarn"
"4973","yawn"
"4974","year"
"4975","yearbook"
"4976","yeast"
"4977","yellow"
"4978","yen"
"4979","yield"
"4980","yodel"
"4981","yoga"
"4982","yolk"
"4983","young"
"4984","youngster"
"4985","yuletide"
"4986","zebra"
"4987","zenith"
"4988","zephyr"
"4989","zest"
"4990","zigzag"
"4991","zinc"
"4992","zip"
"4993","zipper"
"4994","zombie"
"4995","zoning"
"4996","zoo"
"4997","zoom"
